<annotation>
	<folder>train</folder>
	<filename>IMG_0537.jpg</filename>
	<path>/Users/thuytran/Downloads/Photos-002/train/IMG_0537.jpg</path>
	<source>
		<database>Unknown</database>
	</source>
	<size>
		<width>800</width>
		<height>600</height>
		<depth>3</depth>
	</size>
	<segmented>0</segmented>
	<object>
		<name>pig_android</name>
		<pose>Unspecified</pose>
		<truncated>0</truncated>
		<difficult>0</difficult>
		<bndbox>
			<xmin>90</xmin>
			<ymin>110</ymin>
			<xmax>220</xmax>
			<ymax>318</ymax>
		</bndbox>
	</object>
	<object>
		<name>android</name>
		<pose>Unspecified</pose>
		<truncated>0</truncated>
		<difficult>0</difficult>
		<bndbox>
			<xmin>490</xmin>
			<ymin>229</ymin>
			<xmax>708</xmax>
			<ymax>455</ymax>
		</bndbox>
	</object>
</annotation>
