<annotation>
	<folder>train</folder>
	<filename>IMG_0567.jpg</filename>
	<path>/Users/thuytran/Downloads/Photos-002/train/IMG_0567.jpg</path>
	<source>
		<database>Unknown</database>
	</source>
	<size>
		<width>800</width>
		<height>600</height>
		<depth>3</depth>
	</size>
	<segmented>0</segmented>
	<object>
		<name>android</name>
		<pose>Unspecified</pose>
		<truncated>0</truncated>
		<difficult>0</difficult>
		<bndbox>
			<xmin>271</xmin>
			<ymin>148</ymin>
			<xmax>451</xmax>
			<ymax>329</ymax>
		</bndbox>
	</object>
	<object>
		<name>pig_android</name>
		<pose>Unspecified</pose>
		<truncated>1</truncated>
		<difficult>0</difficult>
		<bndbox>
			<xmin>674</xmin>
			<ymin>1</ymin>
			<xmax>800</xmax>
			<ymax>171</ymax>
		</bndbox>
	</object>
</annotation>
