<annotation>
	<folder>train</folder>
	<filename>IMG_0546.jpg</filename>
	<path>/Users/thuytran/Downloads/Photos-002/train/IMG_0546.jpg</path>
	<source>
		<database>Unknown</database>
	</source>
	<size>
		<width>800</width>
		<height>600</height>
		<depth>3</depth>
	</size>
	<segmented>0</segmented>
	<object>
		<name>android</name>
		<pose>Unspecified</pose>
		<truncated>0</truncated>
		<difficult>0</difficult>
		<bndbox>
			<xmin>88</xmin>
			<ymin>105</ymin>
			<xmax>354</xmax>
			<ymax>377</ymax>
		</bndbox>
	</object>
	<object>
		<name>pig_android</name>
		<pose>Unspecified</pose>
		<truncated>0</truncated>
		<difficult>0</difficult>
		<bndbox>
			<xmin>430</xmin>
			<ymin>31</ymin>
			<xmax>654</xmax>
			<ymax>295</ymax>
		</bndbox>
	</object>
</annotation>
