<annotation>
	<folder>train</folder>
	<filename>IMG_0560.jpg</filename>
	<path>/Users/thuytran/Downloads/Photos-002/train/IMG_0560.jpg</path>
	<source>
		<database>Unknown</database>
	</source>
	<size>
		<width>800</width>
		<height>600</height>
		<depth>3</depth>
	</size>
	<segmented>0</segmented>
	<object>
		<name>android</name>
		<pose>Unspecified</pose>
		<truncated>0</truncated>
		<difficult>0</difficult>
		<bndbox>
			<xmin>313</xmin>
			<ymin>114</ymin>
			<xmax>634</xmax>
			<ymax>463</ymax>
		</bndbox>
	</object>
	<object>
		<name>pig_android</name>
		<pose>Unspecified</pose>
		<truncated>0</truncated>
		<difficult>0</difficult>
		<bndbox>
			<xmin>315</xmin>
			<ymin>23</ymin>
			<xmax>454</xmax>
			<ymax>142</ymax>
		</bndbox>
	</object>
</annotation>
