<annotation>
	<folder>train</folder>
	<filename>IMG_0547.jpg</filename>
	<path>/Users/thuytran/Downloads/Photos-002/train/IMG_0547.jpg</path>
	<source>
		<database>Unknown</database>
	</source>
	<size>
		<width>800</width>
		<height>600</height>
		<depth>3</depth>
	</size>
	<segmented>0</segmented>
	<object>
		<name>android</name>
		<pose>Unspecified</pose>
		<truncated>0</truncated>
		<difficult>0</difficult>
		<bndbox>
			<xmin>5</xmin>
			<ymin>101</ymin>
			<xmax>232</xmax>
			<ymax>357</ymax>
		</bndbox>
	</object>
	<object>
		<name>pig_android</name>
		<pose>Unspecified</pose>
		<truncated>0</truncated>
		<difficult>0</difficult>
		<bndbox>
			<xmin>364</xmin>
			<ymin>42</ymin>
			<xmax>606</xmax>
			<ymax>356</ymax>
		</bndbox>
	</object>
</annotation>
