<annotation>
	<folder>train</folder>
	<filename>IMG_0532.jpg</filename>
	<path>/Users/thuytran/Downloads/Photos-002/train/IMG_0532.jpg</path>
	<source>
		<database>Unknown</database>
	</source>
	<size>
		<width>800</width>
		<height>600</height>
		<depth>3</depth>
	</size>
	<segmented>0</segmented>
	<object>
		<name>pig_android</name>
		<pose>Unspecified</pose>
		<truncated>0</truncated>
		<difficult>0</difficult>
		<bndbox>
			<xmin>271</xmin>
			<ymin>125</ymin>
			<xmax>521</xmax>
			<ymax>388</ymax>
		</bndbox>
	</object>
</annotation>
