<annotation>
	<folder>train</folder>
	<filename>IMG_0548.jpg</filename>
	<path>/Users/thuytran/Downloads/Photos-002/train/IMG_0548.jpg</path>
	<source>
		<database>Unknown</database>
	</source>
	<size>
		<width>800</width>
		<height>600</height>
		<depth>3</depth>
	</size>
	<segmented>0</segmented>
	<object>
		<name>android</name>
		<pose>Unspecified</pose>
		<truncated>0</truncated>
		<difficult>0</difficult>
		<bndbox>
			<xmin>246</xmin>
			<ymin>76</ymin>
			<xmax>380</xmax>
			<ymax>289</ymax>
		</bndbox>
	</object>
	<object>
		<name>pig_android</name>
		<pose>Unspecified</pose>
		<truncated>0</truncated>
		<difficult>0</difficult>
		<bndbox>
			<xmin>428</xmin>
			<ymin>114</ymin>
			<xmax>639</xmax>
			<ymax>462</ymax>
		</bndbox>
	</object>
</annotation>
