<annotation>
	<folder>train</folder>
	<filename>IMG_0559.jpg</filename>
	<path>/Users/thuytran/Downloads/Photos-002/train/IMG_0559.jpg</path>
	<source>
		<database>Unknown</database>
	</source>
	<size>
		<width>800</width>
		<height>600</height>
		<depth>3</depth>
	</size>
	<segmented>0</segmented>
	<object>
		<name>android</name>
		<pose>Unspecified</pose>
		<truncated>0</truncated>
		<difficult>0</difficult>
		<bndbox>
			<xmin>359</xmin>
			<ymin>150</ymin>
			<xmax>637</xmax>
			<ymax>436</ymax>
		</bndbox>
	</object>
	<object>
		<name>pig_android</name>
		<pose>Unspecified</pose>
		<truncated>1</truncated>
		<difficult>0</difficult>
		<bndbox>
			<xmin>61</xmin>
			<ymin>1</ymin>
			<xmax>213</xmax>
			<ymax>70</ymax>
		</bndbox>
	</object>
</annotation>
