<annotation>
	<folder>train</folder>
	<filename>IMG_0540.jpg</filename>
	<path>/Users/thuytran/Downloads/Photos-002/train/IMG_0540.jpg</path>
	<source>
		<database>Unknown</database>
	</source>
	<size>
		<width>800</width>
		<height>600</height>
		<depth>3</depth>
	</size>
	<segmented>0</segmented>
	<object>
		<name>android</name>
		<pose>Unspecified</pose>
		<truncated>0</truncated>
		<difficult>0</difficult>
		<bndbox>
			<xmin>291</xmin>
			<ymin>268</ymin>
			<xmax>390</xmax>
			<ymax>428</ymax>
		</bndbox>
	</object>
</annotation>
