<annotation>
	<folder>train</folder>
	<filename>IMG_0552.jpg</filename>
	<path>/Users/thuytran/Downloads/Photos-002/train/IMG_0552.jpg</path>
	<source>
		<database>Unknown</database>
	</source>
	<size>
		<width>800</width>
		<height>600</height>
		<depth>3</depth>
	</size>
	<segmented>0</segmented>
	<object>
		<name>pig_android</name>
		<pose>Unspecified</pose>
		<truncated>0</truncated>
		<difficult>0</difficult>
		<bndbox>
			<xmin>222</xmin>
			<ymin>178</ymin>
			<xmax>430</xmax>
			<ymax>427</ymax>
		</bndbox>
	</object>
	<object>
		<name>android</name>
		<pose>Unspecified</pose>
		<truncated>0</truncated>
		<difficult>0</difficult>
		<bndbox>
			<xmin>52</xmin>
			<ymin>180</ymin>
			<xmax>152</xmax>
			<ymax>240</ymax>
		</bndbox>
	</object>
</annotation>
