<annotation>
	<folder>train</folder>
	<filename>IMG_0527.jpg</filename>
	<path>/Users/thuytran/Downloads/Photos-002/train/IMG_0527.jpg</path>
	<source>
		<database>Unknown</database>
	</source>
	<size>
		<width>800</width>
		<height>600</height>
		<depth>3</depth>
	</size>
	<segmented>0</segmented>
	<object>
		<name>pig_android</name>
		<pose>Unspecified</pose>
		<truncated>0</truncated>
		<difficult>0</difficult>
		<bndbox>
			<xmin>298</xmin>
			<ymin>230</ymin>
			<xmax>520</xmax>
			<ymax>463</ymax>
		</bndbox>
	</object>
</annotation>
